<?xml version="1.0" encoding="UTF-8"?>
<StudentInfo>
    <student id="1">
        <firstName>Ibrahim</firstName>
        <lastName>Khan</lastName>
        <score>89</score>
    </student>
    <student id="2">
        <firstName>Asif</firstName>
        <lastName>Roni</lastName>
        <score>95</score>
    </student>
    <student id="3">
        <firstName>Gumani</firstName>
        <lastName>Hose</lastName>
        <score>90</score>
    </student>
    <student id="4">
        <firstName>Sukanto</firstName>
        <lastName>Shaha</lastName>
        <score>88</score>
    </student>
    <student id="5">
        <firstName>MD</firstName>
        <lastName>Hossain</lastName>
        <score>78</score>
    </student>
</StudentInfo>



























